-- phpMyAdmin SQL Dump
-- version 4.6.5.2
-- https://www.phpmyadmin.net/
--
-- Хост: 127.0.0.1:3306
-- Время создания: Июн 19 2017 г., 17:50
-- Версия сервера: 5.5.53
-- Версия PHP: 7.1.0

SET SQL_MODE = "NO_AUTO_VALUE_ON_ZERO";
SET time_zone = "+00:00";


/*!40101 SET @OLD_CHARACTER_SET_CLIENT=@@CHARACTER_SET_CLIENT */;
/*!40101 SET @OLD_CHARACTER_SET_RESULTS=@@CHARACTER_SET_RESULTS */;
/*!40101 SET @OLD_COLLATION_CONNECTION=@@COLLATION_CONNECTION */;
/*!40101 SET NAMES utf8mb4 */;

--
-- База данных: `phpshop`
--

-- --------------------------------------------------------

--
-- Структура таблицы `article`
--

CREATE TABLE `article` (
  `id` int(11) NOT NULL,
  `name` varchar(50) NOT NULL,
  `description` text NOT NULL,
  `context` text NOT NULL,
  `user_id` int(11) NOT NULL,
  `category_id` int(11) NOT NULL,
  `time_create` date NOT NULL,
  `time_edit` date NOT NULL
) ENGINE=InnoDB DEFAULT CHARSET=utf32;

--
-- Дамп данных таблицы `article`
--

INSERT INTO `article` (`id`, `name`, `description`, `context`, `user_id`, `category_id`, `time_create`, `time_edit`) VALUES
(3, 'Ляльки Tilda. Знайомтесь.', '<p><img alt=\"\" src=\"\\upload\\images\\37.jpg\" style=\"float:left; height:185px; margin-left:10px; margin-right:10px; width:200px\" />Даний вид іграшок заснувала мешканка Норвегії Tonne Finanger (Тоні Фінангер). Коли Тоні вперше змайструвала ляльку-тильду, вона навіть уявити собі не могла що ця скандинавська симпатична іграшка зможе об&#39;єднати рукодільниць з різних країн в пошуках нових сюжетів, ідей і матеріалів у сфері рукоділля.</p>\r\n\r\n<p>&nbsp;</p>\r\n\r\n<p>&nbsp;</p>\r\n\r\n<p>&nbsp;</p>\r\n', '<p>Даний вид іграшок заснувала мешканка Норвегії Tonne Finanger (Тоні Фінангер). Коли Тоні вперше змайструвала ляльку-тильду, вона навіть уявити собі не могла що ця скандинавська симпатична іграшка зможе об&#39;єднати рукодільниць з різних країн в пошуках нових сюжетів, ідей і матеріалів у сфері рукоділля.<br />\r\nМасово іграшки тильди почали створювати в 1999 році, коли вийшли в світ дві книги Тоні Фінангер - &laquo;Тільда ​​Великдень&raquo; і &laquo;Тільда ​​Різдво&raquo;. Саме ці видання почали надихати рукодільниць на нові творіння.<br />\r\nПісля близько десяти років бренд став досить популярним. Під маркою &laquo;Тільда&raquo; почали продавати по всьому світу тисячі різних пристосувань, які використовують під час рукоділля (гудзики, нитки, тканини, викрійки і т.д.).</p>\r\n\r\n<p>В ході виготовлення ляльки-тильди, незалежно від форми та виду, для тіла рекомендується використовувати тканини натурального походження: шерсть, бязь, бавовна і льон. Також добре підійде фліс і фланель, однак при використанні радимо не застосовувати трикотаж, так як іграшка з трикотажу виходять трохи &laquo;грубуваті&raquo; і набувають неправильну форму.<br />\r\nНайчастіше для набивання Всередину таких іграшок часто поміщають холлофайбер, синтепух або синтепон, але в деяких випадках для обважнення фігурки використовується прокаленная гречка. Також можна скористатися тонким дротом, за допомогою якої ви створите певну форму вашої іграшки.<br />\r\nОчки іграшок створюють акриловими фарбами або вишивають французьким вузликом. Іноді, за бажанням, у іграшок вишивають ніс. Для цього можна застосовувати нитки муліне.<br />\r\nПри виготовленні одягу для ляльки-тильди використовують практично будь-який матеріал: трикотаж, джинс, фліс, ситець, органза, тюль, шовк і т.д. Важливо при цьому пам&#39;ятати, що краще брати тканини з дрібними малюнками (чим вони дрібніші, тим красивіше). Наприклад, квіточки, клітини, смужки, абстракції або розлучення на тканини.<br />\r\nЯк і у всіх творчих сферах, так і в створенні Тільда-іграшок є правила, але є і виключення. Експериментуйте і ви знайдете те, що буде виділяти вас серед інших рукодільниць.</p>\r\n', 4, 42, '2017-05-29', '2017-06-19'),
(4, 'Коротка історія Hand Made', '<p><img alt=\"\" src=\"\\upload\\images\\37.jpg\" style=\"float:left; height:185px; margin:1px 10px; width:200px\" />Все частіше в сучасному суспільстві зустрічається таке поняття, як Hand made (хенд мейд). Що ж це таке і чому воно користується такою широкою популярністю в наш час?</p>\r\n\r\n<p>&nbsp;</p>\r\n\r\n<p>&nbsp;</p>\r\n\r\n<p>&nbsp;</p>\r\n\r\n<p>&nbsp;</p>\r\n', '<p>Все частіше в сучасному суспільстві зустрічається таке поняття, як Hand made (хенд мейд). Що ж це таке і чому воно користується такою широкою популярністю в наш час?</p>\r\n\r\n<p>З англійської мови поняття Hand made перекладається як - &laquo;ручна робота&raquo;. Даний напрямок в себе включає створення предметів побуту, подарунків та інших штучок власними руками. Це оригінальна робота, виконана в єдиному екземплярі, яку практично неможливо повторити на всі 100%.</p>\r\n\r\n<p>Раніше масове виробництво не було так поширене, тому всі предмети побуту, подарунки та одяг виготовлялися вручну, однак згодом технічна революція змінила цю ситуацію і настала ера промислового виготовлення речей, після чого ручна робота стала не настільки модною.</p>\r\n\r\n<p>Однак в наші дні ми стаємо свідками відродження даного напрямку, тільки тепер це вже вид мистецтва. З плином часу навички ліплення, вишивки, шиття та інші були загублені людьми, і тепер майстерність хенд мейд цінується набагато більше.</p>\r\n\r\n<p>Також в поняття Hand made входять звичайні речі, які за допомогою творчості, фантазії та таланту знаходять зовсім інший образ і нове життя. Це може бути одяг, прикрашена вишивками, розписом, аплікаціями або ж посуд розписана вручну. Вашими зусиллями будь-яка річ може бути перевтілюючись у щось незвичайне, просочене творчістю і любов&#39;ю.</p>\r\n\r\n<p>Завдяки поширенню ручних виробів з&#39;явилася велика кількість товарів Hand made - це (... перелік ВАШИХ пропозицій). Все це ви можете знайти в каталозі нашого сайту.</p>\r\n\r\n<p>Вироби хенд мейд володіють особливою атмосферою любові, душевності, доброти і радості, а це саме те, чого не вистачає в шаленому ритмі сучасно життя. Ручні вироби привносять в життя людини красу, затишок, турботу, яку приємно не тільки отримувати, але й дарувати.</p>\r\n', 4, 42, '2017-05-29', '2017-06-19'),
(8, 'Біжутерні техніки', '<p><img alt=\"\" src=\"\\upload\\images\\37.jpg\" style=\"float:left; height:185px; margin-left:10px; margin-right:10px; width:200px\" />Використання біжутерних технік не обмежується лише створенням прикрас. Їх також часто застосовують в ході декорування, виготовлення одягу, взуття, аксесуарів і т.д. У таких випадках їх комбінують з іншими методами рукоділля: шиття, в&#39;язання, вишивки, при цьому можна отримати абсолютно нове і цікаве прикраса або виріб. Широкі кордону біжутерних технік дають можливість реалізувати самі унікальні ідеї для фасонів одягу різних стилів.</p>\r\n\r\n<p>&nbsp;</p>\r\n\r\n<p>&nbsp;</p>\r\n', '<p>&nbsp; Використання біжутерних технік не обмежується лише створенням прикрас. Їх також часто застосовують в ході декорування, виготовлення одягу, взуття, аксесуарів і т.д. У таких випадках їх комбінують з іншими методами рукоділля: шиття, в&#39;язання, вишивки, при цьому можна отримати абсолютно нове і цікаве прикраса або виріб. Широкі кордону біжутерних технік дають можливість реалізувати самі унікальні ідеї для фасонів одягу різних стилів.<br />\r\n&nbsp; Куртки, піджаки, спідниці, блузки, кофти, легкі плащі можна прикрасити за допомогою різних підвісок або брошки, поєднуючи при цьому різні техніки і матеріали (текстильні, повстяні і т.д.). Якщо ви зацікавлені в етнічному стилі, сміливо можете експериментувати з дерев&#39;яними, глиняними або кістяними намистинами, вощеними або прогумованими шнурами та нитками, а також елементами текстилю, наприклад, пензликами для підвісок. Якщо вам більше до вподоби квіткові орнаменти і романтика, тоді прийнятним буде використання об&#39;ємної вишивки шовковими або атласними стрічками, особливо в поєднанні з перламутровими, пластиковими або скляними намистинами. Також техніку об&#39;ємної вишивки можна використовувати в ході виготовлення брошок, підвісок, створення прикраси одягу та квіткового орнаменту.<br />\r\n&nbsp; За допомогою шпильок і ланцюгів можна створити цікаві елементи прикрас і комбінації, особливо при декоруванні взуття, рукавичок, сумочок, поясів тощо Сумки і одяг можна розшивати намистинами, бісером, стрічками, прикрашати аплікаціями і підвісками. Часто ручки для сумок декорують міцними ланцюжками і великими ланками. Ці ж техніки можна використовувати в ході декорування багатьох інших аксесуарів. Досить часто зустрічаються звичайні в&#39;єтнамки сланці, які прикрашені біжутерією. Це надає їм більш стильний і унікальний вид.<br />\r\n&nbsp; Базові біжутерні техніки застосовують в ході створення поясів з ланцюгів, додаючи до них намистини, підвіски та інші прикраси, виходять зі своїх творчих і смакових зображень.</p>\r\n', 4, 42, '2017-01-01', '2017-06-19'),
(9, 'Квіти з тканини', '<p><img alt=\"\" src=\"\\upload\\images\\37.jpg\" style=\"float:left; height:185px; margin-left:10px; margin-right:10px; width:200px\" />Квіти у всьому своєму різноманітті є символом природного творчості і безмежної фантазії Творця всього живого. Однак термін життя квітів є обмеженим, а при нашому кліматі сезонними квітами можна милуватися лише пару місяців в році. А що заважає нам взяти шедевр природи як приклад для наслідування...</p>\r\n\r\n<p>&nbsp;</p>\r\n\r\n<p>&nbsp;</p>\r\n\r\n<p>&nbsp;</p>\r\n\r\n<p>&nbsp;</p>\r\n', '<p>&nbsp; &nbsp;Квіти у всьому своєму різноманітті є символом природного творчості і безмежної фантазії Творця всього живого. Однак термін життя квітів є обмеженим, а при нашому кліматі сезонними квітами можна милуватися лише пару місяців в році. А що заважає нам взяти шедевр природи як приклад для наслідування. Адже красиво створені квіти з тканини та інших матеріалів можуть виглядати як справжні витвори мистецтва.<br />\r\nПерші штучні квіти створювалися ще за часів Стародавнього Єгипту. Їх створювали з папірусу. Пізніше, в період античності, жінки застосовували штучні квіти як прикраси, просочуючи їх різними ароматичними сумішами. Цю традицію можна спостерігати в ході багатьох історичних періодів. Практично в усі часи існували жіночі аксесуари та одяг заквітчані.<br />\r\n&nbsp; &nbsp;Навіть з огляду на багатовікову історію виготовлення квітів з тканини та інших матеріалів, все одно цей вид рукоділля завдяки сучасному різноманітності технологій і матеріалів приносить особливе задоволення. До того ж це прекрасний привід для спілкування з дітьми. Поки ви пояснюєте дочки, як зробити квіти з тканини або разом купуєте навички їх виготовлення, ви займаєтеся спільною творчістю, що дуже буде об&#39;єднувати і наближати один до одного. Майстер-класи та різні уроки по створенню штучних квітів можна знайти в інтернеті, однак якщо вам не вистачає часу або посидючості ви можете купити квіти з тканини в нашому каталозі і порадувати своїх рідних і близьких унікальним подарунком.<br />\r\nОбластей для застосування квітів з тканини незліченна кількість. Ви можете ними декорувати інтер&#39;єр вашого будинку, використовувати їх для прикраси одягу та інших аксесуарів. Все залежить лише від ваших творчих здібностей і бажання створювати щось оригінальне і унікальне.</p>\r\n', 4, 42, '2017-01-01', '2017-06-19'),
(10, 'Біжутерія з дерева', '<p><img alt=\"\" src=\"\\upload\\images\\37.jpg\" style=\"float:left; height:185px; margin-left:10px; margin-right:10px; width:200px\" />Екологічні матеріали знайшли своє застосування не тільки в інтер&#39;єрі. Ювеліри і дизайнери активно застосовують матеріали натурального походження для різних прикрас. Якщо говорити окремо про біжутерії з дерева, то їхня історія сягає корінням ще в кам&#39;яне час, коли люди прикрашали себе раковинами і зубами різних тварин</p>\r\n\r\n<p>&nbsp;</p>\r\n\r\n<p>&nbsp;</p>\r\n\r\n<p>&nbsp;</p>\r\n', '<h2>Екологічні матеріали знайшли своє застосування не тільки в інтер&#39;єрі. Ювеліри і дизайнери активно застосовують матеріали натурального походження для різних прикрас. Якщо говорити окремо про біжутерії з дерева, то їхня історія сягає корінням ще в кам&#39;яне час, коли люди прикрашали себе раковинами і зубами різних тварин. У той час прикраси носили ритуальний і символічний характер. Майстри наших часів створюють екологічні прикраси для того щоб сучасні люди в нинішньому технологічному побуті могли відчувати приємні відчуття від зіткнення з природною красою. Тепер модниці все частіше стали прикрашати себе натуральної біжутерією, яка стає все більш і більш затребуваною.<br />\r\nЙмовірно, що біжутерія з дерева подобається нам здебільшого чисто психологічно через свою натуральності, природності і природного теплоти. І це зовсім не дивно, адже дерево з&#39;явилося на землі ще раніше людини і супроводжувало його всюди і завжди, у всіх куточках землі. Підсвідомо ми асоціюємо дерево з чимось надійним і рідним, однак не всі вміють і знають, як носити дерев&#39;яні прикраси. Навряд чи вас правильно зрозуміють, якщо ви надягнете класичну біжутерію з дорогоцінних металів разом з авторською біжутерією з дерева. Однак, якщо ви зможете створити унікальні прикраси різних видів дерева, оформивши їх металом, пластиком або шкірою - це може виглядати стильно і вишукано, але у всьому треба знати міру.<br />\r\nУ питаннях поєднання з одягом дерев&#39;яні прикраси досить добре поєднуються з великою кількістю тканин, однак ідеальним варіантом вважається льон. Одними з найбільш універсальних прикрас є намиста. Носять їх практично в будь-якому віці, починаючи від школярок і закінчуючи почесними дамами. На нашому сайті ви можете замовити як окремі вироби, так і цілі комплекти.<br />\r\nКрім бус існує ще чимала кількість різних дерев&#39;яних прикрас, які ви можете придбати у нас, але перше, що вам необхідно зробити - це визначити з тим, що вам потрібно. Перший крок полягає в створенні вашого стилю або способу. Тоді вибрати потрібну біжутерію буде набагато простіше.</h2>\r\n', 4, 42, '2017-05-29', '2017-06-19'),
(11, 'Lorem Ipsum', '<p><img alt=\"\" src=\"\\upload\\images\\37.jpg\" style=\"float:left; height:185px; margin-left:10px; margin-right:10px; width:200px\" /></p>\r\n\r\n<p><strong>Lorem Ipsum</strong>&nbsp;- це текст-&quot;риба&quot;, що використовується в друкарстві та дизайні. Lorem Ipsum є, фактично, стандартною &quot;рибою&quot; аж з XVI сторіччя, коли невідомий друкар взяв шрифтову гранку та склав на ній підбірку зразків шрифтів. &quot;Риба&quot; не тільки успішно пережила п&#39;ять століть, але й прижилася в електронному верстуванні, залишаючись по суті незмінною. Вона популяризувалась в 60-их роках минулого сторіччя завдяки виданню зразків шрифтів Letraset, які містили уривки з Lorem Ipsum, і вдруге - нещодавно завдяки програмам комп&#39;ютерного верстування на кшталт Aldus Pagemaker, які використовували різні версії Lorem Ipsum.</p>\r\n\r\n<p>&nbsp;</p>\r\n', '<p>&nbsp;</p>\r\n\r\n<p>Вже давно відомо, що читабельний зміст буде заважати зосередитись людині, яка оцінює композицію сторінки. Сенс використання Lorem Ipsum полягає в тому, що цей текст має більш-менш нормальне розподілення літер на відміну від, наприклад, &quot;Тут іде текст. Тут іде текст.&quot; Це робить текст схожим на оповідний. Багато програм верстування та веб-дизайну використовують Lorem Ipsum як зразок і пошук за терміном &quot;lorem ipsum&quot; відкриє багато веб-сайтів, які знаходяться ще в зародковому стані. Різні версії Lorem Ipsum з&#39;явились за минулі роки, деякі випадково, деякі було створено зумисно (зокрема, жартівливі).</p>\r\n\r\n<p>&nbsp;</p>\r\n\r\n<h2>Звідки він походить?</h2>\r\n\r\n<p>На відміну від поширеної думки Lorem Ipsum не є випадковим набором літер. Він походить з уривку класичної латинської літератури 45 року до н.е., тобто має більш як 2000-річну історію. Річард Макклінток, професор латини з коледжу Хемпдін-Сидні, що у Вірджінії, вивчав одне з найменш зрозумілих латинських слів - consectetur - з уривку Lorem Ipsum, і у пошуку цього слова в класичній літературі знайшов безсумнівне джерело. Lorem Ipsum походить з розділів 1.10.32 та 1.10.33 цицеронівського &quot;de Finibus Bonorum et Malorum&quot; (&quot;Про межі добра і зла&quot;), написаного у 45 році до н.е. Цей трактат з теорії етики був дуже популярним в епоху Відродження. Перший рядок Lorem Ipsum, &quot;Lorem ipsum dolor sit amet...&quot; походить з одного з рядків розділу 1.10.32.</p>\r\n\r\n<p>Класичний текст, використовуваний з XVI сторіччя, наведено нижче для всіх зацікавлених. Також точно за оригіналом наведено розділи 1.10.32 та 1.10.33 цицеронівського &quot;de Finibus Bonorum et Malorum&quot; разом із перекладом англійською, виконаним 1914 року Х.Рекемом.</p>\r\n\r\n<h2>Де собі взяти трохи?</h2>\r\n\r\n<p>Існує багато варіацій уривків з Lorem Ipsum, але більшість з них зазнала певних змін на кшталт жартівливих вставок або змішування слів, які навіть не виглядають правдоподібно. Якщо ви збираєтесь використовувати Lorem Ipsum, ви маєте упевнитись в тому, що всередині тексту не приховано нічого, що могло б викликати у читача конфуз. Більшість відомих генераторів Lorem Ipsum в Мережі генерують текст шляхом повторення наперед заданих послідовностей Lorem Ipsum. Принципова відмінність цього генератора робить його першим справжнім генератором Lorem Ipsum. Він використовує словник з більш як 200 слів латини та цілий набір моделей речень - це дозволяє генерувати Lorem Ipsum, який виглядає осмислено. Таким чином, згенерований Lorem Ipsum не міститиме повторів, жартів, нехарактерних для латини слів і т.ін.</p>\r\n', 4, 42, '2017-05-29', '2017-06-19'),
(12, 'Lorem Ipsum 2', '<p><strong><img alt=\"\" src=\"\\upload\\images\\37.jpg\" style=\"float:left; height:185px; margin-left:10px; margin-right:10px; width:200px\" />Lorem Ipsum</strong>&nbsp;- це текст-&quot;риба&quot;, що використовується в друкарстві та дизайні. Lorem Ipsum є, фактично, стандартною &quot;рибою&quot; аж з XVI сторіччя, коли невідомий друкар взяв шрифтову гранку та склав на ній підбірку зразків шрифтів. &quot;Риба&quot; не тільки успішно пережила п&#39;ять століть, але й прижилася в електронному верстуванні, залишаючись по суті незмінною. Вона популяризувалась в 60-их роках минулого сторіччя завдяки виданню зразків шрифтів Letraset, які містили уривки з Lorem Ipsum, і вдруге - нещодавно завдяки програмам комп&#39;ютерного верстування на кшталт Aldus Pagemaker, які використовували різні версії Lorem Ipsum.</p>\r\n\r\n<p>&nbsp;</p>\r\n', '<h2>Звідки він походить?</h2>\r\n\r\n<p>На відміну від поширеної думки Lorem Ipsum не є випадковим набором літер. Він походить з уривку класичної латинської літератури 45 року до н.е., тобто має більш як 2000-річну історію. Річард Макклінток, професор латини з коледжу Хемпдін-Сидні, що у Вірджінії, вивчав одне з найменш зрозумілих латинських слів - consectetur - з уривку Lorem Ipsum, і у пошуку цього слова в класичній літературі знайшов безсумнівне джерело. Lorem Ipsum походить з розділів 1.10.32 та 1.10.33 цицеронівського &quot;de Finibus Bonorum et Malorum&quot; (&quot;Про межі добра і зла&quot;), написаного у 45 році до н.е. Цей трактат з теорії етики був дуже популярним в епоху Відродження. Перший рядок Lorem Ipsum, &quot;Lorem ipsum dolor sit amet...&quot; походить з одного з рядків розділу 1.10.32.</p>\r\n\r\n<p>Класичний текст, використовуваний з XVI сторіччя, наведено нижче для всіх зацікавлених. Також точно за оригіналом наведено розділи 1.10.32 та 1.10.33 цицеронівського &quot;de Finibus Bonorum et Malorum&quot; разом із перекладом англійською, виконаним 1914 року Х.Рекемом.</p>\r\n\r\n<h2>Де собі взяти трохи?</h2>\r\n\r\n<p>Існує багато варіацій уривків з Lorem Ipsum, але більшість з них зазнала певних змін на кшталт жартівливих вставок або змішування слів, які навіть не виглядають правдоподібно. Якщо ви збираєтесь використовувати Lorem Ipsum, ви маєте упевнитись в тому, що всередині тексту не приховано нічого, що могло б викликати у читача конфуз. Більшість відомих генераторів Lorem Ipsum в Мережі генерують текст шляхом повторення наперед заданих послідовностей Lorem Ipsum. Принципова відмінність цього генератора робить його першим справжнім генератором Lorem Ipsum. Він використовує словник з більш як 200 слів латини та цілий набір моделей речень - це дозволяє генерувати Lorem Ipsum, який виглядає осмислено. Таким чином, згенерований Lorem Ipsum не міститиме повторів, жартів, нехарактерних для латини слів і т.ін.</p>\r\n', 4, 42, '2017-01-01', '2017-06-19');

-- --------------------------------------------------------

--
-- Структура таблицы `category`
--

CREATE TABLE `category` (
  `id` int(11) NOT NULL,
  `name` varchar(255) NOT NULL,
  `sort_order` int(11) NOT NULL DEFAULT '0',
  `status` int(11) NOT NULL DEFAULT '1'
) ENGINE=InnoDB DEFAULT CHARSET=utf8;

--
-- Дамп данных таблицы `category`
--

INSERT INTO `category` (`id`, `name`, `sort_order`, `status`) VALUES
(14, 'Подушки', 2, 1),
(15, 'Ляльки', 3, 1),
(16, 'Слюнявчики', 4, 1),
(17, 'Бортики', 5, 1),
(18, 'Пледи', 6, 1),
(19, 'Вкладиші в коляску', 7, 1),
(20, 'Головні убори', 8, 1),
(21, 'Аксесуари', 10, 1);

-- --------------------------------------------------------

--
-- Структура таблицы `images`
--

CREATE TABLE `images` (
  `id` int(11) NOT NULL,
  `name` varchar(50) NOT NULL,
  `address` varchar(500) NOT NULL
) ENGINE=InnoDB DEFAULT CHARSET=utf8;

-- --------------------------------------------------------

--
-- Структура таблицы `product`
--

CREATE TABLE `product` (
  `id` int(11) NOT NULL,
  `name` varchar(255) NOT NULL,
  `category_id` int(11) NOT NULL,
  `code` int(11) NOT NULL,
  `price` float NOT NULL,
  `availability` int(11) NOT NULL,
  `brand` varchar(255) NOT NULL,
  `description` text NOT NULL,
  `is_new` int(11) NOT NULL DEFAULT '0',
  `is_recommended` int(11) NOT NULL DEFAULT '0',
  `status` int(11) NOT NULL DEFAULT '1'
) ENGINE=InnoDB DEFAULT CHARSET=utf8;

--
-- Дамп данных таблицы `product`
--

INSERT INTO `product` (`id`, `name`, `category_id`, `code`, `price`, `availability`, `brand`, `description`, `is_new`, `is_recommended`, `status`) VALUES
(37, 'Лялька Тільда №1', 15, 2019487, 325, 0, '', 'Лялька Tilda. ', 0, 1, 1),
(38, 'Плед \"Кава\"', 18, 1953212, 200, 1, 'businkam', 'Lorem Ipsum - це текст-\"риба\", що використовується в друкарстві та дизайні. Lorem Ipsum є, фактично, стандартною \"рибою\" аж з XVI сторіччя, коли невідомий друкар взяв шрифтову гранку та склав на ній підбірку зразків шрифтів. \"Риба\" не тільки успішно пережила п\'ять століть, але й прижилася в електронному верстуванні, залишаючись по суті незмінною. Вона популяризувалась в 60-их роках минулого сторіччя завдяки виданню зразків шрифтів Letraset, які містили уривки з Lorem Ipsum, і вдруге - нещодавно завдяки програмам комп\'ютерного верстування на кшталт Aldus Pagemaker, які використовували різні версії Lorem Ipsum', 1, 1, 1),
(39, 'Плед \"Нотки\"', 18, 1602042, 200, 0, 'businkam', 'Lorem Ipsum - це текст-\"риба\", що використовується в друкарстві та дизайні. Lorem Ipsum є, фактично, стандартною \"рибою\" аж з XVI сторіччя, коли невідомий друкар взяв шрифтову гранку та склав на ній підбірку зразків шрифтів. \"Риба\" не тільки успішно пережила п\'ять століть, але й прижилася в електронному верстуванні, залишаючись по суті незмінною. Вона популяризувалась в 60-их роках минулого сторіччя завдяки виданню зразків шрифтів Letraset, які містили уривки з Lorem Ipsum, і вдруге - нещодавно завдяки програмам комп\'ютерного верстування на кшталт Aldus Pagemaker, які використовували різні версії Lorem Ipsum', 0, 1, 1),
(41, 'Плед \"Зелені сови\"', 18, 1129365, 200, 1, 'businkam', 'Lorem Ipsum - це текст-\"риба\", що використовується в друкарстві та дизайні. Lorem Ipsum є, фактично, стандартною \"рибою\" аж з XVI сторіччя, коли невідомий друкар взяв шрифтову гранку та склав на ній підбірку зразків шрифтів. \"Риба\" не тільки успішно пережила п\'ять століть, але й прижилася в електронному верстуванні, залишаючись по суті незмінною. Вона популяризувалась в 60-их роках минулого сторіччя завдяки виданню зразків шрифтів Letraset, які містили уривки з Lorem Ipsum, і вдруге - нещодавно завдяки програмам комп\'ютерного верстування на кшталт Aldus Pagemaker, які використовували різні версії Lorem Ipsum', 1, 0, 1),
(43, 'Слюнявчик ', 16, 683364, 120, 1, 'businkam', 'Lorem Ipsum - це текст-\"риба\", що використовується в друкарстві та дизайні. Lorem Ipsum є, фактично, стандартною \"рибою\" аж з XVI сторіччя, коли невідомий друкар взяв шрифтову гранку та склав на ній підбірку зразків шрифтів. \"Риба\" не тільки успішно пережила п\'ять століть, але й прижилася в електронному верстуванні, залишаючись по суті незмінною. Вона популяризувалась в 60-их роках минулого сторіччя завдяки виданню зразків шрифтів Letraset, які містили уривки з Lorem Ipsum, і вдруге - нещодавно завдяки програмам комп\'ютерного верстування на кшталт Aldus Pagemaker, які використовували різні версії Lorem Ipsum', 0, 0, 1),
(44, 'Слюнявчик \"Панда\"', 16, 355025, 120, 0, 'businkam', 'Lorem Ipsum - це текст-\"риба\", що використовується в друкарстві та дизайні. Lorem Ipsum є, фактично, стандартною \"рибою\" аж з XVI сторіччя, коли невідомий друкар взяв шрифтову гранку та склав на ній підбірку зразків шрифтів. \"Риба\" не тільки успішно пережила п\'ять століть, але й прижилася в електронному верстуванні, залишаючись по суті незмінною. Вона популяризувалась в 60-их роках минулого сторіччя завдяки виданню зразків шрифтів Letraset, які містили уривки з Lorem Ipsum, і вдруге - нещодавно завдяки програмам комп\'ютерного верстування на кшталт Aldus Pagemaker, які використовували різні версії Lorem Ipsum', 0, 1, 1),
(45, 'Подушка \"КітПес\"', 14, 213, 220, 1, 'businkam', 'Lorem Ipsum - це текст-\"риба\", що використовується в друкарстві та дизайні. Lorem Ipsum є, фактично, стандартною \"рибою\" аж з XVI сторіччя, коли невідомий друкар взяв шрифтову гранку та склав на ній підбірку зразків шрифтів. \"Риба\" не тільки успішно пережила п\'ять століть, але й прижилася в електронному верстуванні, залишаючись по суті незмінною. Вона популяризувалась в 60-их роках минулого сторіччя завдяки виданню зразків шрифтів Letraset, які містили уривки з Lorem Ipsum, і вдруге - нещодавно завдяки програмам комп\'ютерного верстування на кшталт Aldus Pagemaker, які використовували різні версії Lorem Ipsum', 1, 1, 1),
(47, 'Подушка \"Совушка\"', 14, 214, 220, 0, 'businkam', 'Lorem Ipsum - це текст-\"риба\", що використовується в друкарстві та дизайні. Lorem Ipsum є, фактично, стандартною \"рибою\" аж з XVI сторіччя, коли невідомий друкар взяв шрифтову гранку та склав на ній підбірку зразків шрифтів. \"Риба\" не тільки успішно пережила п\'ять століть, але й прижилася в електронному верстуванні, залишаючись по суті незмінною. Вона популяризувалась в 60-их роках минулого сторіччя завдяки виданню зразків шрифтів Letraset, які містили уривки з Lorem Ipsum, і вдруге - нещодавно завдяки програмам комп\'ютерного верстування на кшталт Aldus Pagemaker, які використовували різні версії Lorem Ipsum', 0, 1, 1),
(48, 'Подушка \"Сердечка\"', 14, 215, 220, 0, 'businkam', 'Lorem Ipsum - це текст-\"риба\", що використовується в друкарстві та дизайні. Lorem Ipsum є, фактично, стандартною \"рибою\" аж з XVI сторіччя, коли невідомий друкар взяв шрифтову гранку та склав на ній підбірку зразків шрифтів. \"Риба\" не тільки успішно пережила п\'ять століть, але й прижилася в електронному верстуванні, залишаючись по суті незмінною. Вона популяризувалась в 60-их роках минулого сторіччя завдяки виданню зразків шрифтів Letraset, які містили уривки з Lorem Ipsum, і вдруге - нещодавно завдяки програмам комп\'ютерного верстування на кшталт Aldus Pagemaker, які використовували різні версії Lorem Ipsum', 1, 0, 1),
(49, 'Подушка \"Квіти\"', 14, 216, 220, 0, 'businkam', 'Lorem Ipsum - це текст-\"риба\", що використовується в друкарстві та дизайні. Lorem Ipsum є, фактично, стандартною \"рибою\" аж з XVI сторіччя, коли невідомий друкар взяв шрифтову гранку та склав на ній підбірку зразків шрифтів. \"Риба\" не тільки успішно пережила п\'ять століть, але й прижилася в електронному верстуванні, залишаючись по суті незмінною. Вона популяризувалась в 60-их роках минулого сторіччя завдяки виданню зразків шрифтів Letraset, які містили уривки з Lorem Ipsum, і вдруге - нещодавно завдяки програмам комп\'ютерного верстування на кшталт Aldus Pagemaker, які використовували різні версії Lorem Ipsum', 1, 1, 1);

-- --------------------------------------------------------

--
-- Структура таблицы `product_order`
--

CREATE TABLE `product_order` (
  `id` int(11) NOT NULL,
  `user_name` varchar(255) NOT NULL,
  `user_phone` varchar(255) NOT NULL,
  `user_comment` text NOT NULL,
  `user_id` int(11) DEFAULT NULL,
  `date` timestamp NOT NULL DEFAULT CURRENT_TIMESTAMP,
  `products` text NOT NULL,
  `status` int(11) NOT NULL DEFAULT '1'
) ENGINE=MyISAM DEFAULT CHARSET=utf8;

--
-- Дамп данных таблицы `product_order`
--

INSERT INTO `product_order` (`id`, `user_name`, `user_phone`, `user_comment`, `user_id`, `date`, `products`, `status`) VALUES
(45, 'fsdfsd', '1', '123123123', 4, '2015-05-14 09:54:45', '{\"1\":1,\"2\":1,\"3\":2}', 2),
(49, 'dems', '', '', 4, '2017-06-18 12:37:27', '{\"39\":1}', 1),
(48, 'dems', '', '', 4, '2017-06-18 12:33:12', '{\"44\":2}', 1),
(50, '', '', '', 0, '2017-06-18 12:40:20', '{\"44\":1}', 1),
(51, '', '', '', 0, '2017-06-18 13:02:48', '{\"39\":2}', 1),
(52, '', '', '', 0, '2017-06-18 13:03:31', '{\"43\":2}', 1),
(53, '', '', '', 0, '2017-06-18 13:04:41', '{\"43\":1}', 1),
(54, 'Dfv', '2523589839', 'safsdlkvnsnvslenvlsie', 0, '2017-06-18 13:11:02', '{\"43\":1}', 1),
(55, 'Vasylij', '32352652', 'sdvs,vz;omz;osevmzeovzevze', 0, '2017-06-18 13:13:06', '{\"39\":1}', 1),
(56, 'adacesf', '0969551650', 'dasacawcawcawc', 0, '2017-06-18 13:19:04', '{\"44\":1}', 1),
(57, 'мітдвш тдшмі', '235230530', 'фцвфцвфцв', 0, '2017-06-18 13:29:44', '{\"44\":1}', 1),
(58, 'Василіса Єгоровна', '0969551650', 'фцвфцфвцвфцвфцвфцвфцвфцвфцв', 0, '2017-06-18 13:32:46', '{\"39\":1}', 1),
(59, 'ушдстіу ашушді', '099999932', 'іаітуідутідшутадіу', 0, '2017-06-18 13:34:16', '{\"39\":1}', 1),
(60, 'Ахмед Мамбуд', '0969551650', 'Уай уай уай', 0, '2017-06-18 14:17:57', '{\"44\":1}', 1);

-- --------------------------------------------------------

--
-- Структура таблицы `resource`
--

CREATE TABLE `resource` (
  `id` int(11) NOT NULL,
  `type` varchar(5) NOT NULL,
  `name` varchar(250) NOT NULL
) ENGINE=InnoDB DEFAULT CHARSET=utf8 ROW_FORMAT=COMPACT;

--
-- Дамп данных таблицы `resource`
--

INSERT INTO `resource` (`id`, `type`, `name`) VALUES
(1, 'jpg', '33.jpg'),
(2, 'jpg', '34.jpg'),
(3, 'jpg', '36.jpg'),
(4, 'jpg', '35.jpg'),
(5, 'jpg', '33.jpg'),
(6, 'jpg', '34.jpg'),
(7, 'jpg', '36.jpg'),
(8, 'jpg', '37.jpg'),
(9, 'jpg', '38.jpg'),
(10, 'jpg', '39.jpg'),
(11, 'jpg', '40.jpg'),
(12, 'jpg', '41.jpg'),
(13, 'jpg', '42.jpg'),
(14, 'jpg', '43.jpg'),
(15, 'jpg', '44.jpg'),
(16, 'jpg', '1.jpg');

-- --------------------------------------------------------

--
-- Структура таблицы `user`
--

CREATE TABLE `user` (
  `id` int(11) NOT NULL,
  `name` varchar(255) NOT NULL,
  `email` varchar(255) NOT NULL,
  `password` varchar(255) NOT NULL,
  `role` varchar(50) NOT NULL,
  `phone` int(15) NOT NULL,
  `social_url` varchar(300) NOT NULL,
  `comment` text NOT NULL
) ENGINE=InnoDB DEFAULT CHARSET=utf8;

--
-- Дамп данных таблицы `user`
--

INSERT INTO `user` (`id`, `name`, `email`, `password`, `role`, `phone`, `social_url`, `comment`) VALUES
(4, 'dems', 'dems@gmail.com', '1111', 'admin', 969551650, 'fb.com/dems.ua', 'перетелевонувати у звязку з незрозумілими причинами'),
(5, 'Dems', 'dems.ua@gmail.com', '1111', '0', 0, '', '');

--
-- Индексы сохранённых таблиц
--

--
-- Индексы таблицы `article`
--
ALTER TABLE `article`
  ADD PRIMARY KEY (`id`);

--
-- Индексы таблицы `category`
--
ALTER TABLE `category`
  ADD PRIMARY KEY (`id`);

--
-- Индексы таблицы `images`
--
ALTER TABLE `images`
  ADD PRIMARY KEY (`id`);

--
-- Индексы таблицы `product`
--
ALTER TABLE `product`
  ADD PRIMARY KEY (`id`);

--
-- Индексы таблицы `product_order`
--
ALTER TABLE `product_order`
  ADD PRIMARY KEY (`id`);

--
-- Индексы таблицы `resource`
--
ALTER TABLE `resource`
  ADD PRIMARY KEY (`id`);

--
-- Индексы таблицы `user`
--
ALTER TABLE `user`
  ADD PRIMARY KEY (`id`);

--
-- AUTO_INCREMENT для сохранённых таблиц
--

--
-- AUTO_INCREMENT для таблицы `article`
--
ALTER TABLE `article`
  MODIFY `id` int(11) NOT NULL AUTO_INCREMENT, AUTO_INCREMENT=13;
--
-- AUTO_INCREMENT для таблицы `category`
--
ALTER TABLE `category`
  MODIFY `id` int(11) NOT NULL AUTO_INCREMENT, AUTO_INCREMENT=22;
--
-- AUTO_INCREMENT для таблицы `images`
--
ALTER TABLE `images`
  MODIFY `id` int(11) NOT NULL AUTO_INCREMENT;
--
-- AUTO_INCREMENT для таблицы `product`
--
ALTER TABLE `product`
  MODIFY `id` int(11) NOT NULL AUTO_INCREMENT, AUTO_INCREMENT=50;
--
-- AUTO_INCREMENT для таблицы `product_order`
--
ALTER TABLE `product_order`
  MODIFY `id` int(11) NOT NULL AUTO_INCREMENT, AUTO_INCREMENT=61;
--
-- AUTO_INCREMENT для таблицы `resource`
--
ALTER TABLE `resource`
  MODIFY `id` int(11) NOT NULL AUTO_INCREMENT, AUTO_INCREMENT=17;
--
-- AUTO_INCREMENT для таблицы `user`
--
ALTER TABLE `user`
  MODIFY `id` int(11) NOT NULL AUTO_INCREMENT, AUTO_INCREMENT=6;
/*!40101 SET CHARACTER_SET_CLIENT=@OLD_CHARACTER_SET_CLIENT */;
/*!40101 SET CHARACTER_SET_RESULTS=@OLD_CHARACTER_SET_RESULTS */;
/*!40101 SET COLLATION_CONNECTION=@OLD_COLLATION_CONNECTION */;
